{"cameraMode":{"drawMode":0,"name":"Shaded","section":"Shading Mode"},"sceneLighting":true,"audioPlay":false,"sceneViewState":{"showFog":true,"showMaterialUpdate":false,"showSkybox":true,"showFlares":true,"showImageEffects":true,"showParticleSystems":true},"in2DMode":false,"pivot":{"x":3.4541449546813967,"y":54.38222885131836,"z":-11.355329513549805},"rotation":{"x":0.024585483595728875,"y":0.9740264415740967,"z":-0.18329203128814698,"w":0.13081574440002442},"size":160.59857177734376,"orthographic":false}