{"cameraMode":{"drawMode":0,"name":"Shaded","section":"Shading Mode"},"sceneLighting":true,"audioPlay":false,"sceneViewState":{"showFog":true,"showMaterialUpdate":false,"showSkybox":false,"showFlares":true,"showImageEffects":true,"showParticleSystems":true},"in2DMode":false,"pivot":{"x":1.9607734680175782,"y":134.39990234375,"z":-25.30762481689453},"rotation":{"x":0.00008769995474722236,"y":0.9982882738113403,"z":-0.058466579765081409,"w":0.001497433753684163},"size":7702.8916015625,"orthographic":true}